admin_fname,admin_lname,password
Haleigh,Effertz,XXoFeDHfBNCk5hW
Davonte,McKenzie,9rBOsW2qu70BnFx
Mikel,Blick,A9wphhv7EWawQwf
Ismael,Anderson,tBl6lPeCTqHZom9
Andreane,Reilly,p4ta7EumUxorwcW
Benton,Dickinson,ttYXmRIWcylCo5b
Joan,Padberg,vfuaBisSzlP3pOY
Hobart,Emmerich,i1xV7dYfvFoSn7g
Krystal,O'Connell,nXaIGp2j4TcTtK5
Estefania,Shields,I18qA9HF7Cb58C9
Edd,Hayes,NSwolTCwkI58pdC
Aditya,Metz,hSkxMnVuAZ153t0
Bernie,Kuphal,6fcng4RD8jhKHx8
Aurelio,Bode,5fZirQT92pfCoMI
Nova,Fahey,cP7ucPmJQfhYnAg
Daniella,Cruickshank,aBfM8EzCZ0M4Zcl
Everett,Crooks,bJLHd4nRLCEG9vm
Christy,Volkman,ZjoliXeRfBnkabg
Margie,Stamm,lgOXXLL7MVqqtg_
Thora,Lind,0j3GPzEJW3Qzh_2
Timmy,Rice,wtn2oAV6UdJAYJo
Destini,Marquardt,XGyUb6kjcGm9SfV
Jakayla,Lehner,7qw2Kdb4JGtdwG1
Reyes,Klein,iK3WJZ8pBMfmmhX
Otho,Schuppe,x45Pm1F0xfovXb6
Dion,Schumm,FmwL4kVoSetmBjU
Darrin,O'Reilly,Mi4Dt80BGAlW5EQ
Matilde,Kuhlman,IYQCB23IT4qjEI5
Vicenta,Wunsch,Bg8jWjG4ZuMI_W7
Kylee,Dooley,3QyJeMO73BDpQCQ
Aryanna,Cole,fOlknPs7naUT9BI
Lazaro,Okuneva,Xo6vohF0DA9jurZ
Russell,Hirthe,xtuYd9AEztyscXY
Hudson,Krajcik,ZRV9dknGxa2Geoi
Arch,Runolfsdottir,jXEHBRnB9TwGXlT
Norberto,Grant,c0NeccqhBB9lVFF
Noble,Carroll,5cKLNQmC1PRsYHL
Katarina,Connelly,UyRs7fir_6UUV8b
Antonietta,Luettgen,A0jAwFx7DuS2ew9
Lily,Ebert,TMwavbijFfM1bp7
Princess,Hirthe,iLlFyKQSMZJ7me1
Rick,Schuster,GTkaj_sXiEKlmFA
Erika,Cartwright,7O1sqtjzAdkRjkp
Aditya,Boyle,j5uplI8fRZfDl4x
Kendrick,Schinner,BT8nWduVCu0EcTX
Gerry,Balistreri,nmTTFXeORReFvwF
Sammie,Schuster,w5sd3FmHuUmNSE4
Vincenza,Hickle,i3UHQQvuTl45JpK
Emil,Champlin,fjEdWkghWOT0JqG
Lawrence,Purdy,WbzJqA1AD4F5pIq
Celestino,Cartwright,UTF27fg3NbD1cek
Bethany,O'Keefe,H_Vf_x9tr9IxspI
Walton,Bashirian,OzCzVZ9bSI9x2bc
Alison,Herman,6fujLI9l4cw_cBX
Reyes,Skiles,YV_NM947_kVghLx
Augustine,Cruickshank,Psogi85e4ZC9IOp
Alvina,Stamm,Jgjw3jtawTztnBE
Cecil,Bednar,UtV8JaIbSz2AvN4
Francisca,Von,a8xUun3JBfR8ees
Cicero,King,njki7bpGPv8qR8N
Alexandria,Luettgen,3FQlOdcaeA1h9_D
Guillermo,Tromp,J4Op07cJ7Oje_CK
Diana,Davis,rXSo4m4qcnArSK3
Chester,Wuckert,DvgC7dO5fzTiJdc
Karlie,Grant,2Ll7Tb4trce92za
Conner,Rogahn,nMeUVZxGKraY1yY
Candice,Ondricka,tGRS1OMe7eXDYos
Haskell,Weber,D8dOTE_OGod963v
Walter,Schuppe,OIFTHKPswxxP28r
Armand,Gulgowski,8UDNc3hy5h8FQ_6
Alysa,Romaguera,wTEMJsdtw71fcTx
Timmothy,Watsica,FfeK6XFQp2OvGu7
Abigale,Deckow,xVWzkYRaukcvZzb
Icie,Aufderhar,wgDhMzpsK9rV_8S
Vicky,Murray,ujEaLe5S6fvcjej
Kaylee,Gusikowski,hO6HaBL4w_pTGf7
Jaylon,Welch,RI0oB2CMsiIGyvW
Alberto,Hahn,MiRVSgCaZsbBA_i
Melyna,Casper,GKblpDdRcJGT1_S
Jackie,Willms,25dA9PcUT6EzH6k
D'angelo,Durgan,y0YhrrzuTYGcupn
Pat,Christiansen,ustday__Fg2pIpl
Nolan,Wiza,vt554myrtiIrXEi
Mckenna,McGlynn,R4Mq44PuDPm3bMG
Javon,Stark,5uvfvXRR4Wv6Xu8
Skye,Hills,dTJduylGvztEGRV
Willa,Kerluke,MHGPmxnxejKuYvg
Arielle,Morar,kjBiLY1pBUzFrY_
Jaclyn,Abshire,NOTPhScyjLZouCa
Broderick,Huels,xWNJVxNhEah0i6v
Valerie,Marquardt,1nfVtzncyAO04fp
Vernon,Braun,7ycbHoDaUYUWfTI
Vita,Goldner,jlTAH80JmNmTkjr
Aliyah,Dicki,tQOBiPjIn6IOGyl
Mina,Bednar,AAm77OP9R0y39d_
Pearl,Reichel,tuvIP31Jw1FLm4h
Beth,Beatty,zt39gKX6aBO9Eb5
Mayra,Barrows,zQh7Ir3uuL3C6ss
Princess,Streich,bFF67X8WJEZckyY
Aron,Donnelly,Bl_jxme8a2HiVbP
German,O'Conner,HBqtlryY8YKEfYx
Kyle,Becker,HjEPUe_Viyloy_4
Verdie,Abshire,NpStJtc1WoTVs4h
Aylin,Goyette,s_uLyQkgzaQaPsT
Alexandria,Russel,GEz1m1tLwg4DAzX
Halle,Lakin,KYlFNkOtksR3fJF
Nick,Hermann,CNgp_JnarG0sSqf
Clovis,Nikolaus,Og_Iub19yxQarEy
Dwight,Kessler,AdZ_9L44vObHbXB
Lambert,Ward,s4gif3852B3eG6U
Coby,Nader,GhjkAtOuZjxFIT0
Kristofer,Ankunding,8nn1Ghn6jE96tl_
Jesse,Kihn,p057YbNbCXjO2hB
Rhett,Dickinson,56Da2tw9yq2MJRu
Meggie,Jacobson,dKLhDZ_42F8yNYp
Norris,Cummerata,XVAoKdtUhWifQwf
Jan,Braun,Clc6pytRk_a9SmG
Zachariah,Johnston,poZ9TcDyviiITmN
Walter,Upton,ABTgMjLN8nykhad
Verna,Larson,EoCsluqEAhIJa8X
Ardith,Gerlach,HEcbdb50BcHiGXb
Alberto,Trantow,ZJ71mpAndOByj0e
Nelle,O'Hara,JvRnYHrgjUEkapx
Olin,Bradtke,_e4Mm2ovig8WbGb
Lavinia,Jakubowski,81Cfgw7aYlZxAbh
Lilian,Nolan,MQTr3TTRy6s2rZO
Laura,Braun,UsTtmghGSzPfGU4
Mina,Cartwright,NNOwpbV7n8m7SdW
Elmore,Johns,tSv7KBxFuTRBwsJ
Orion,Feil,WLrkOHo9mPkKrOS
Howard,Hand,5NpgqeUTOuiwupj
Pearl,Volkman,ARSwM83egBnJH9t
Jamie,Fay,sajKR85T0isRZIj
Jayda,Heathcote,xuVjh1BAEc6BoDU
London,Wyman,fOleb931J0BUaMG
Alivia,Lind,mPHIcuZImC5aNG9
Abagail,Runolfsson,QyTuGpjM9rCoA_Q
Valerie,Kunze,vbW8BeVjsxijUZh
Corbin,Schulist,q4joKCJBdS0Se2J
Simeon,Crona,juxnrhBZD8B7PCS
Camren,Strosin,mh_D_jPJpH8LXpm
Elaina,Legros,tT4BZRmWN9SSAuQ
Kolby,Runte,g52sa9miycevDC4
Einar,Berge,uWhOWVlhSS0LS4C
Lela,Glover,YHRHBaKQ2F7ESYU
Alyce,Predovic,CF7GJ9JfWBRUp1f
Dino,Balistreri,ezEpbKtOiq8T6Cx
Hermann,Moore,j7DQB0b0ikMwJn7
Johnathan,Reinger,kgV6DSfWBleFPpl
Marjolaine,Collier,saERAPFrAhrBp4q
Jarret,Raynor,hjRMg4HjaOW4i98
Angelo,Morissette,lrIoIQxa75zMfgq
Blanche,McGlynn,ksbCBaUj70eEvfy
Renee,Cartwright,_m5c2O3gTUChvXs
Petra,Kuphal,9EZlh1FGH2g61dK
Irma,Quigley,khYfsG8KPL3M4jj
Jay,Kuhic,0h6X3wEPtzTJrrJ
Savion,Reichel,VImlSljWz1rFl7I
Jena,Crooks,cNbmkp_ZaQzv0oU
Javon,Hodkiewicz,yO7J2I6YfW3IMml
Priscilla,Olson,mfASpYgC79q8kwo
Jodie,Hermiston,2A0agYocDMEP7gO
Alycia,Emmerich,Xphh4zNFwBistJw
Freda,Bernier,0_J9FW3c9JNyI0t
Assunta,Nader,7hfgCP7n0qhOAAK
Sophie,Bergstrom,ZonskoG7VhF6fIO
Anika,Harris,BZc5oGsiPKaE7du
Darryl,Donnelly,Dz4Rc47_m8evPuJ
Furman,Schumm,BODnEAqZ5rdNoHO
Thalia,Streich,WgpJLnhvD6OWWXP
Yesenia,Price,rhGFI6YnlPr1q3I
Josiah,Schaefer,9t_ZBhbRmPctRiP
Enoch,Reinger,p4Q6WHw2Tx7Ny6h
Dannie,Hane,wL2KwBICXNDxzzG
Damion,Legros,j0s6wchF5V2JkHy
Barton,Jaskolski,c9ZHnRdrYrWSr6B
Vickie,Marvin,PXQbdllqwpmh0E3
Cesar,Bogan,s3Diu1lUnnZq_ac
Avis,Flatley,EvYVZTDJ4anQTCz
Kurt,Bednar,XVIlZJFpyPShqUr
Arnoldo,Conn,d6VRo4K4SjYxifz
May,Nolan,SChfhYp9wfq8CU0
Vicky,McClure,45RpWtfaHleDgTd
Ebony,Williamson,vB7vYGKsTbefILO
Trace,Dickens,fjS1ALKmyKOMIkt
Dolly,Williamson,V7KKTlhOgcoAH2l
Kurtis,Ritchie,ur6mXRkmYV1S73s
Elaina,McGlynn,E6uANTnP0O4sXjt
Vinnie,Crona,r8EGnaDViUJrYij
Mason,Cronin,H7Q8hDR8tebGaUb
Ephraim,Gulgowski,Mq1LtwRDqSOyntv
Brittany,Barrows,sj7jIt_FuydqHsd
Harold,Gerhold,2GiWQAbU01kDQUa
Trystan,McDermott,bzFR_t3Aq7OGKb2
Noemi,Effertz,SseFSjkm5rLi0Vl
Helga,Williamson,nAiqntc6rbtryIu
Rosetta,Hoeger,YZp9EjChpF1h_Rs
Omer,Trantow,VwNFnU3cNESbY9J
Friedrich,Halvorson,dfiNvUscwtpatLZ
Tyra,Hagenes,VUTQIVBcHodHfxt
Helen,Wiza,ubhHDdQk1jXKRM6
Davin,Legros,ZLhcCdVqpgNThYr
Libby,Morissette,nkyQZO3taaZD3OS
Jennifer,Kuhlman,EWMksSZPIZCLwVM
Payton,Cronin,C8xZkL4oxuDlEnK
Casimir,Harvey,pVtFAwqetylw1jd
Hellen,Gulgowski,Oi8AU9yPjZ27mtj
Annetta,Kessler,FKgcXbfrp86TPuj
Eriberto,Torphy,FCiITP6feV9NSuZ
Arden,Kutch,OrlvHCKtwlXiArp
Titus,Dickinson,yBkQ2W4P3WHywCr
Luella,Schowalter,OvMAldvATPAtgjs
Edward,Mante,xiPeElVMwOb_cmk
Brittany,Nienow,uJZxpQ3EwOAG9Oh
Gordon,Borer,HYdfPppZTfaGsrE
Myrtis,VonRueden,_mzQ9jyPlMnpR9Z
Colleen,Thiel,fbuJYDyVBM1TcsT
Narciso,Schaefer,5Qww7ev0k4eLh4n
Emmanuel,Littel,7P9IDxE1AT12_0J
Marquise,Klein,vnInhPJVwsNYPYL
Vada,Cremin,hjWJhgx_j1Mda2r
Emilio,Brekke,cCbtsFvSdm8P8lE
Vesta,Bartoletti,62iHooV1DEr3nDR
Ariel,Littel,WeIGU2ZxM3W9Uwr
Yadira,Halvorson,Oj9TQ_QG_rQgfcw
Coleman,Wuckert,EBB3FVncvOr073T
Domenica,Abshire,Al_7aBhCraSPv_2
Augustine,Frami,pIdouHmV1ynDmRw
Ciara,Rolfson,HKp2Ma7p0Aa3Geq
Valentina,Kling,3oxLKc7C3AeyZlW
Simone,Pacocha,dOO4zCZS0qEhE1B
Ardella,Huel,ppGikzuKxag6yfC
Jeramy,Schneider,PBVCVm0hFXX28M0
Danny,Gottlieb,BFPguJYpzgTOdOr
Nat,Toy,Lfd1mekxsN_0_xP
Alba,Morissette,s7veU3XaUtRNpiz
Rey,Fritsch,CcZw4Ecja8cb2At
Rickey,MacGyver,ZkQ2fMaXyzK0sKQ
Randi,McKenzie,T6MNpfGRQVx9wZ_
Danyka,Durgan,K6l0QMpFjH3FCEu
Isidro,Corkery,MTbQj4EbARwCyxE
Macey,Sipes,pdFR5uXfzX7mplY
Kelly,Bogan,18aHZnTcZoC1c9U
Marilie,Bradtke,vUBBCVYLM9GC8Oy
Cora,Blick,JNgqt2SzfHAUaoo
Levi,Ziemann,AxujXgy1wO2lEq2
Fleta,Boyer,T5VvzOYUehvtV_3
Tom,Johnson,h3jZQjmfn0iXyfd
Green,Goldner,bkXVfn4GzfXEdzH
Alia,Dietrich,RDcgjsYKtdHNkWx
Melyna,Bode,aizkXPxtOaMOKF2
Vicky,Bruen,IwuKHSqGLQqQSX8
Diana,Kovacek,GnEQLmJgTshXF27
Viva,Fritsch,chNINJSP_FuJCm8
Baron,Fadel,GNLg1JlQMzj5yjZ
Lulu,Connelly,wTotnwOv1L7rsOx
Colten,Schultz,XXnzvjhlRSQCrGs
Dylan,Rice,k12oJzGPwcz28Aw
Hailee,Zemlak,xcffNYX3HgJfehD
Breana,Gerhold,LV9ZBi4Ihjp357c
Santa,Frami,brplIMcPYRsdH5V
Addie,Huel,I7qxLt7AdBYA0hQ
Felton,Kling,lnkuYd9KAScbiMG
Uriah,Stehr,RRjoWnvpSPQuqb8
Raymundo,Bartell,0T4W9ioE99W30zC
Jayson,Borer,g8gYW5Qsr_w83Vp
Eda,Moore,n1ZCVEk0fR3nNkS
Savanna,Gleason,FdVBldKxGupmIy6
Abby,Carter,myfVWH4WXj1f4KP
Margot,Kunde,5MLCSMnuzqECcMp
Ellis,Casper,Wv2axS5UGP9tyfg
Ara,Wunsch,Wip0k_qXxnEjJob
Felipa,Schroeder,orppx8zDQh2HEU4
Maryse,Cronin,ZF3_UV4ufNDxlez
Chaya,Waters,hOL4o6K4VJEbVMq
Joey,Hermiston,9H7FSHfXVcCbzQf
Jose,Doyle,YM7DQDtJlPHcZb5
Daphney,Turner,HJLKmCsZfwqhGSa
Antonietta,Franecki,qHx8WtlKLgx0ukp
Mark,Donnelly,qJMn8MWTdXXCGKI
Lincoln,Windler,ltL8I1JXBuMRujx
Margarita,Berge,QFvRz9KmFojlSw8
Adella,Reynolds,zqpPiGXoE9m94n2
Marjolaine,Boehm,bjqPf9Vz8UcGvpi
Jett,Doyle,0g9IFrc3w2zVULn
Ayla,Gleichner,I7m6hT9hshCvak2
Scarlett,Wilkinson,ygArXQGJg423clw
Thelma,Tillman,MKHs8MwCk2nB_pH
Theresia,Brakus,wQMRKlnwx4i3UIp
Remington,Kling,6Y6RVAhVq8PVLGy
Remington,Gutmann,w84WC0422sXXng2
Kian,Marks,q1NwRelTnXIvKoU
Rylan,Hahn,xAmA7qFFkHUpv69
Fredrick,Little,QNN2Q49qDlJ56uy
Darrel,Bashirian,h_6KX8CfLbszEOE
Wyman,Cremin,zqystAdT9RCKcY5
Leopoldo,McGlynn,W8H8HnoOVc95pGc
Delaney,Johnson,YxW6IyA0jqm6y_v
Edd,Beahan,9eY32QHgTIUAfEM
Jed,Crooks,yxyMrEsjNQU5xaI
Esther,Hickle,Q6o3NZ8koRaLa9i
Michele,Weissnat,pbO4MvGSRhJKgPz
Eugenia,Dach,pUqTFB5HCfw9zSC
Jaunita,Reichert,odtAWoYV0ESQtpr
Danika,O'Hara,SrvOWn7JiwIBHlb
Freeda,Mayer,e0APceLBweHJOKZ
Margaret,Monahan,7pTAdkkjHO6a6Ck
Marisa,Koch,KgP1_jJ0cwHyspU
Jaunita,Kuvalis,vazOrtHVJcBYrUj
Kelley,Roob,KB3Ytcbven2au1W
Lera,Casper,fitRS4eiQbjYLGk
Darron,Schumm,ut5VZUx5aJOIQqv
Tevin,Jakubowski,ILfK7v6COm3V9Kl
Drew,Schuster,Y8uCzzPZaQRiica
Ali,Turcotte,R7KO_zWifZCMPwg
Freida,Brekke,SSlU7F_mMDC16KF
Domenick,Batz,hFsIM50vjwZTYF0
Ashlynn,Heller,r2TMxqZ5sQbM8Yy
Candelario,Bauch,EIyQRbXRpJl0qaa
Esta,Nikolaus,X41hclJXlTGua1S
Nick,Barrows,PH8Xh61ibcoICEU
Clara,Heller,4Bcx_sSQP49j2Mc
Ramona,Jerde,BawvLyIAw05gDxc
Sallie,Larkin,NKLmUqeAU4aVgdN
Benjamin,Collier,cS89DinHR3HV_vM
Roscoe,Ritchie,8DlJBgm4ensfZpv
Wellington,Friesen,mBIMoAy2lD9mrw9
Monroe,McCullough,YJbMYRUVuQL0VvF
Marguerite,Daniel,nz00g8BKq8LJMiq
Kraig,Mueller,j7WDE7arSHPskO2
Leo,Klein,bg6kBUQPvbj_dCk
Rosalind,Rosenbaum,uPfNPqP4GrPs1yh
Freddie,Hettinger,apUGJ4zJQDl6o1e
Sandra,Reinger,k5i1R63OoU_ukpO
Nellie,Nitzsche,lRmtcmh_jcoIYNy
Lenora,Kunde,f7T_axyKSRrqVVa
Deborah,Wilkinson,f4rntnmixMbarHr
Enola,Heathcote,N8NIruIeu_hLOUz
Raven,Deckow,lpsHJzfBP6fdBSs
Samir,Rice,Rq50bons8I2ImZ3
Jefferey,Harris,TMSq80MdGJS1WtI
Connor,Dare,WTvjRVnvAVGgiJg
Orin,Goyette,QqTvbq2nXbMAFgi
Graciela,Cummerata,jIYIJcmJpla3mpc
Kaleigh,Stoltenberg,1x5uSfszQGKZIOD
Horacio,Tromp,mu0qzjdmZcRLD7A
Bud,Greenfelder,k7nr9JXoUuNV6sH
Ari,Stehr,OChhy6hDbDgbAUS
Gabe,Keebler,BcJN6Re0uEvhMvZ
Brennon,Vandervort,XjhefevESuNdGTy
Kurtis,Rippin,Sm50fw26vFJr4Tp
Angeline,Aufderhar,Cd6Q2u53Fhmk0mO
Amara,Nader,5yZEVqfXQ4jt_FJ
Roy,Pfannerstill,B8aHXr96ivV7Q0p
Erick,Davis,DGeSrv9zCrRTfgY
Tatum,Erdman,n8mZFt7OjxDR79D
Cheyenne,Howell,4n4_fRbFIMs3lxg
Garfield,Spencer,Y9l2RltinLkW4Js
Reese,Hickle,ULAbk5SykGt0tX6
Kristy,Kassulke,3T99DSerP1mz56b
Magdalen,Walsh,Z8SzG8XyUsdN4Dq
Montana,Zboncak,BTForFU6FyGWxcr
Janick,Casper,hjC3IqI1TKhrB9B
Darby,Bernier,ac8P9X9mUhXwDTO
Keagan,McClure,Z64coUrn4gKMLaU
Delta,Hamill,Y3IzLNfVR_HJxvE
Estel,Price,VgcWhj_uwddDg8q
Edward,Kilback,wtS1naaQcGmqUHo
Wendell,Beier,wo78pitFPyYr8wz
Nicolas,Thiel,6niIewkuelPwBVC
Jessyca,Schmitt,mzRrI0uVIn5i3Kl
Richard,Dicki,7mlpCjQq4GsVvcA
Odessa,Abbott,FFbP8esxuKCpej2
Rafael,Thiel,wS6mZ5dxg_tBe1Z
Marlen,Gulgowski,3u4rSIAbgz9B5SW
Fatima,Bruen,MIVcj280PTWi6mn
Saige,Schulist,oKN7Rsl5qe4EVKE
Lora,Beier,SNqbzC9uS5Agyf3
Angeline,Ratke,9DhyWbC1Kq2IyEQ
Patrick,Sipes,yZHwhJIsUz21Qrb
Moses,Hackett,TdlUJcdjOO2rYQq
Constance,Torp,dY0UbBk2iZF3KSX
Carleton,Hoppe,BtVvApR01JUFl9Z
Pansy,Prohaska,rgtj6nfLYIa7R_F
Anissa,Schultz,4GKzXwKRPMD2quk
Jodie,Gleichner,C0yUHen2NQMzdNC
Pearlie,Lowe,hKKVAthTtTN6nbQ
Kariane,Kulas,yhq43R8ywAVT_4m
Samson,Yundt,xHiZJeF8CnG9TqG
Gregg,Mann,nQ0R5i8RxWhbSBc
Nella,Lubowitz,DePiGoOGpwjkjBT
Elvis,Koss,fABJg_2DGKQNYo8
Lorenz,Reinger,kfrt6N9pEnhkRNa
Jeffery,Crist,NMNYCrDd2c0CPkI
Jeff,Hickle,Rpn5iRFFsN6fBYR
Raphaelle,Von,MycxIdtZBtpQ2wj
Samanta,Haley,gsQo0CCgtSwiCY8
Ashly,Streich,Rg25izPqJp8H0ih
Alexys,Tromp,TlpMHFsUQsW1Fb0
Noah,Grant,4TTl5vcPAcXet_s
Constance,Schmidt,bitQo8npsm8nqT6
Toni,Roob,16WQHSBajQYsmVj
Tara,Harvey,byqe0CyLqgpCZoC
Giovanni,Schultz,4BdnQFiOyCPJuZb
Ernesto,Konopelski,ZnpS4GBJjZPfF73
Nicola,Frami,0wr9chKveEWWF2h
Hellen,Tillman,YLacXS3L1y5pbYc
Jensen,Bruen,EiqhJFbMMzGlpxj
Polly,Walsh,r5PLJ9ZGserhrUq
Mackenzie,Prohaska,qHXw1uD6v7eZvHI
Scarlett,VonRueden,xYJsu4bcaFbtFCL
Rosalia,Feeney,h81q6eVeo5Pvqhp
Jeffery,Simonis,PDHbt7dqwOIYWzW
Blake,Wuckert,ocFwZjiFP1ToNBB
Saige,Blick,VZzAeGHlX632u8h
Kristoffer,Schinner,D5OtIy1SIflLRdE
Favian,Strosin,VBS4lFRAYhtS2OH
Aaron,Jacobson,nFaocVkw3igfCdr
Aliyah,Langosh,CHV5fPVuiaVw_ta
Felipa,O'Hara,hp8v2uUzoLYoouZ
Maxine,Aufderhar,fy4vYVzw63BX_rr
Maria,Ernser,rqb1nbyh2UWp6a9
Emely,Bode,wf6LGxheXH09dh8
Grayson,Witting,fpkAEmMtbS0YEzD
Melody,Bashirian,jvn85Clh2EjyAkF
Aubree,Turcotte,VO4OaJ4L64enVru
Sincere,Bruen,QXoBylDqgxTdz6p
Rex,Leffler,W1Dq3m8qubmrvox
Lucienne,Greenholt,NDHqV0QzayhLhHo
Freida,McDermott,n09qcc0_wttBkUH
Gilberto,Moen,cCeOWaNoOsBR6d4
Moises,Gibson,rsu5aAmDhqt2MoI
Shanna,Schmitt,gIhhAuIm8PCsM3S
Ocie,Daugherty,AnUh_LpzWyzTHTD
Gerda,Howell,MoI3E7kHxIHsZSx
Leon,Botsford,zCpIQ6KatNsmOAh
Gaetano,Nolan,nWayrXVdz3bpcjt
Ellis,Hauck,kDuOs5prHqVMaGF
Cordia,Carroll,bMHlloaz5il3l5i
Nelda,Leuschke,axJHwB7Pjy0To1Z
Nico,Hansen,9KW0WsyQqmezNiU
Devonte,Feest,fYWiup8t0hXcH4n
Otto,Moore,SAacb73gAbjR908
Lester,Marks,FdIv294l1rQQtFD
Royce,Barton,WTt2Ezmv1bOZuGH
Ansel,Aufderhar,I4yCFIXR8pAzVGy
Jude,Thompson,08lpWXGzE0bSrGf
Kaylee,Abshire,PxOJ5BhASRfEY3N
Dovie,Hilpert,FBrm9Zt27wNtzYN
Hudson,Macejkovic,4vx8zmIJjA73QLH
Dena,Zieme,cYZzBMsbbSbjtaL
Erling,Morar,c_TUY_cCI6d2zjR
Stella,Von,7GrNJ4DFxrZV1dO
Ari,Hammes,wzyT_ptah8bja87
Molly,Jones,872MFFZHJupWjpw
Reuben,Lebsack,ilstGL5pncSF1br
Pascale,Denesik,vz3MwN6PbiETBMI
Lula,Grant,WEoJVD7Vv52vHnU
Alyson,Auer,NXfcUy1Lh5d0O03
Marcia,Hoppe,gHjbz_MgdhgnOc5
Emiliano,Collins,frsFi6XpUui2gHY
Caesar,Casper,vSIYmGAZysDED18
Murl,Schuster,i0P4FQ7MOo9vhP3
Frida,Carroll,pIjQjIhz8KYJCbX
Aida,Mertz,Bp9t9lVhie3ddx8
Brian,Lehner,kcWYSeOg2_ftuer
Kennedi,Larson,wkZiJMtx3oSjjiM
Luna,Stiedemann,ktFwi08ijEI8dSe
Arden,Parisian,hvTITXcMq6Q5Jed
Bonita,Christiansen,dbp9kvJjWgdNvmp
Billie,Zboncak,3dSywhWmi3utJ97
Kristian,Wiza,BYbCsMBVjBlup25
Mitchel,Schmeler,jqpeqJLaceSRmcQ
Marlin,Mertz,9WXJmuMi3UknyP0
Sheldon,Mitchell,Qce0wWBuHQvY8II
Kaleb,Volkman,BnbNVcwiBmLJGb4
Minerva,Larson,scmwx0DQNcII4fw
Jordyn,Jacobson,b8FlCB3inm_yjpN
Vincenzo,Rau,OklvTSLXIcsX4XN
Chad,Haley,QxBdi4lvdOuXOjv
Wilton,Feest,Z687fNH8r7kwtNR
Irving,Murray,VrZRYf82akXwNwT
Stefanie,Smitham,1EMlwBxXjqMP9LI
Sister,Hirthe,YlCz3kR8O4XQnwz
Sedrick,Emard,C6I0StiJuwNmKac
Davonte,Robel,vQ3Tn0rZo7ZoHb9
Shania,Hessel,rOL1Gj7DajeDY67
Leora,O'Connell,pjy9BaHm7TXFdYs
Hailee,Hettinger,8F4wq01Hs9PN2As
Agustina,Cormier,B2rOYvZ_RAhVvTO
Barton,Cremin,_iAxaay30r6Opc0
Wilfredo,Hayes,B_rZijXi9QpUwc8
Jamaal,Larkin,rAQ463HBJ2qqwq2
Arianna,Gutmann,7aBRo7qmvIhfC9N
Kasey,Goodwin,Idb1ldORJg8xufg
Bryon,Cruickshank,1zZxvTB1KgEjGB_
Queenie,Koelpin,Na8TiZJ93c3D972
Billie,Yundt,aGOh800btsfTSiU
Eleazar,Ondricka,bmZyUZeOK0_zqMl
Kellie,Konopelski,dDLWl6jmEWFRJZ6
Gertrude,Mills,ELWkmFDtScP8coI
Keshawn,Stamm,YqyApTcB2f7sxmu
Dominique,Jaskolski,7Mby3CWlj9wuTou
Esta,Hodkiewicz,vtwm9G0ouCiC1bL
Curt,Kilback,ZwM0X_bXiUg_CbA
Newell,Mayer,fZ3ojfc8_5dJNHI
Nicholaus,Cronin,52dWF5s63ekH1Ua
Douglas,Feil,HMw_sRWHDUi_RxV
Jovan,Lowe,vPaISXyC0KyVQtd
Emmy,Breitenberg,cCRpfGdcSGn4yHC
Jarrett,Kuphal,vBONWVJM_TpJSMc
Meggie,Pagac,2wIfQICt3fLdX8_
Anais,Parisian,t3FXUXXHX6yujj9
Emily,Mueller,wSF1eTRdUgqfI25
Aidan,Prohaska,h1Q4DIgA4PKnotT
Lauryn,McKenzie,qN8u_v6gULPjKSn
Maritza,Dare,BAvMUFeUswO1FAY
Angel,Cole,N36TVK1VnxMuwGO
Chloe,Ledner,IkP3Lu6G8mscI5O
Leanna,Wolff,UHrLDGZTQ9f7LQW
Cyrus,Armstrong,qrnTaSkBX9hrj4k
Chanelle,Bosco,0eh2EaLCY8ISiBk
Joyce,Koss,a4wVT2W3dYvWgFz
Jerel,Weber,O7TgMP5bz4vbcFZ
Adan,Gerhold,xSuQcK6nGDOYaID
Emilia,Klein,VVAOawbyR5wBNk6
Shayne,Schaden,0oEXXIaqkEEkgRs
Macie,Deckow,PRg1Ju_ZUA844oh
Bernadine,Nitzsche,V6HhvVNnt1RhEc1
Judd,McLaughlin,LV9V4BG3GP3oMYM
Ferne,Turner,mjxtNhTk_SZoZMB
Nicholaus,Hackett,TSgIn7xDn1ZdKrG
Favian,Hettinger,kN4l0LQKk492ymj
Gabriel,Bogan,9SOGXiYqPEyWryJ
Litzy,Sanford,RxvSlcZ8XnjqeWD
Camille,MacGyver,ScPMlaJ0lgkh3S7
Hubert,Terry,PH0NI9RWXQGZIYp
Zachery,Bradtke,4B4FA7Ae8G90LBh
Lela,Howell,oiAALEVMq2_6vMC
Oliver,Feest,7zEvmTVzw79ViHn
Freeman,Nikolaus,SleA2BhlqCaJtes
Breanna,Ondricka,D7rmCeqJddkPk4e
Fabiola,Senger,Z7HMYwmBBIIq7Nv
Nathanael,Gulgowski,xtGUBrqoIq8EVcu
Abbie,Reichert,rJxYsjijr4vLbXv
Lindsey,Gleichner,Uk1M7ZQOT0ECwAh
Ryder,McDermott,_lWgTGs5rdg_F8j
Carter,Schulist,zprJUbXyDjAIkS7
Cindy,Carter,LBG2CEldb9ZufzL
Adell,Moen,8BkTu8kIpEa1x7A
Thaddeus,Daugherty,jhTKUrlk_OtPS2w
Jack,Goldner,UzyOz_k44pitQjl
Chloe,Reinger,Q52kVm2xji3OjYx
Frankie,Rath,QdIhrJjVW6WWotm
Marlen,Erdman,eByH1xpnaSRHsTj
Florida,Langosh,ceHE0jVGK755uVf
Eunice,Rempel,drd6reXHNJVm1aM
Maye,Hand,EhgmHIuc0BTUCAy
Christine,Yost,U1Q7lKB6WJEpuFX
Tavares,O'Reilly,6KYf09wMxPF9N8h
Buddy,Auer,KwilEQM2P0xgLmV
Elias,Upton,r2PuHw6peF0ttkh
Sigrid,Raynor,BJbcqOR2iYKECYI
Marquise,Franey,ugvDQ44D0FvhhCl
Yasmin,Spinka,TpaEL2D7I42P0gs
Tracey,Rogahn,KrObxaEmRD1oP6_
Esteban,Howe,3T8v7OVmXf8iHWi
Casandra,Walsh,WO8gPf2BYVv6YGm
Scotty,Veum,YsVAbQr0kNzWf4n
Bradley,Pfannerstill,1HnV2v75gdbRALX
Donnie,Frami,TEDX8eXxog_N1dB
Jayce,Gorczany,NU2_i5Juv5REuvF
Vivien,Feeney,eeGSS9MhouDQUbI
Omari,Fahey,GWbJ8Vfmtf4mTGy
Quinten,Conn,qpofHpSLxJogAvh
Thurman,Hills,Mkos9ptLWJ_xnRj
Tevin,O'Keefe,jGEWTigUFxYV22x
Randy,Jenkins,lTdyPHC8KTAN4pV
Chesley,Koch,pwouJZZXVOBWxc1
Clair,Huel,ppT1EQc_eV2uCwS
Carol,Larkin,vcT7H3Aj__Kr_T5
Damon,Klocko,q4Xa6JjLtVN9aWr
Oswald,Cummerata,XDgjiOwebLgKvmR
Tierra,MacGyver,ao6me3DTx6WJr50
Alysha,Powlowski,NwKxB_uGz_tWkwr
Reed,Wintheiser,k3W6hlEU421JHha
Steve,Mayert,WnYTb1P23nSvXlD
Hattie,Gulgowski,a6YZj_vwvPUdWxy
Bernard,Armstrong,pDWeGx8x8CMEoHq
Pearlie,Blanda,Fk0OwI4hWr4ULq0
Cooper,Effertz,dS6tIS6QFl9dVJW
Deshaun,Schmitt,voovtb3j25sClyN
Ashton,Hermann,j68_jKZtE3NJktM
Alberta,Pouros,s7uYl78CMsrtU9S
Adrian,Johnston,NZ3ccwlXWm4Sa_Q
Stephanie,Hodkiewicz,IcLXiJGPmYOqJc8
Catherine,Heaney,WA_dbm55WbWfwyD
Shawn,Farrell,_giBl7etDfAYOTo
Bailee,Beatty,TOYPqWNUdvKjGC8
Else,Rosenbaum,AVYEPQNf_4YVE5p
Sallie,Bailey,zoX6NHrWcuwD3X7
Alaina,Dickens,H2BH3GWkeq_NfLU
Dorthy,Jones,HFgBRKNSx9RjjKr
Morris,Rogahn,03X3DyNFFfzVCab
Ernestina,Haley,w2WYjNN4GmNdfnM
Leanne,Okuneva,R9wNAEA4C66eTz5
Murphy,Hilll,ZMbqL0Sc9oDZQea
Malvina,Herzog,jgLsV8r2lS2wUPA
Norval,Willms,qIDVjlpc1Pt2vIG
Vladimir,Connelly,8zK71W1IAtqAD2s
Sunny,Abshire,Ex5Osh5ZygDfqo4
Heaven,Turcotte,Rcas_Dxg2zAijqx
Emanuel,Ondricka,df_CkS1XOEzV4ry
Roxane,Hills,g1tnvHe3O_zFJXK
Magali,Kirlin,R092YgBhlv0Ao5v
Helen,Renner,fK5laxMCRm5x89j
Enrique,Armstrong,3Maabq_pQzHoctq
Leila,Runte,UDEG9m98qGP4voN
Judge,Morar,YMZ6b4fA22993Yi
Narciso,Blanda,UJaYlYHvfbC2BXh
Shanel,Volkman,_2tzmpq8yVW53kg
Alvis,Cruickshank,GEEosv1xvH22P6y
Arnulfo,Hudson,kb8_NCdlpohI5Cj
Ara,Runolfsdottir,18h7zjl8N7iWM52
Jermey,Nikolaus,JagGzMOu8239wBx
Jerald,Bruen,WvI3Cc8OMTxtH58
Novella,O'Kon,VlZC62FVU2kitVH
Jacinthe,Block,l_hBHMGopWYMWCZ
Jabari,Rutherford,_Bt6TT6SWvb1Oz5
Cleo,Klein,dvRDBczVKaZgntm
Sincere,Rutherford,Wnqi2APpPAbMgoH
Ben,Wolff,nU8MCu0bnu4X45R
Kayli,Durgan,HkuyAzf7LycQxoD
Bartholome,Collier,fA2R_ZdFxwUnP4o
Myles,Hirthe,TTYns890KCPko7k
Sarina,Champlin,xUx8k_bysaXsoJl
Shaylee,Stracke,PGuoO1EJfWY5Gs_
Kariane,Shields,us0dV09nK0KnpZP
Allan,Kemmer,irB5u6UbH2BCOpc
Cordia,Rice,82nxomsUpAsEwAo
Lola,Hettinger,FOOS8cbkJnyc9Z6
Katelynn,Sipes,XE_poa4P0YtQn3w
Jordane,Harber,xpPHYb0OnVQz9Lf
Arvel,Littel,x0H0WRPhLWhd315
Rodrigo,Koch,pg_3YRsWBg4VpsN
Payton,Lubowitz,iQqQIZZdq4tOZYf
Lolita,Bartoletti,bvE1HKov2_wNryf
Santos,Windler,1CbUQQAUVqXXeQs
Tanner,Hackett,77bTnDQZAOgk03M
Jacques,Kuphal,HFjWIkJg7iXnRpC
Shania,Corkery,pjtZjDOiG4zf5u2
Jan,Abernathy,B8Iei2PnGOGB4rR
Will,Reichert,efA1Qx7qWzzSwkt
Americo,Daugherty,RZl8NZakGS2UPWc
John,Haley,7xI56yrgVaZC0Rp
Jessie,Mann,5yn35pfz6ixNxi7
Casimer,Graham,10KfaBViqlfNwRv
Josephine,Bauch,BVTPQ_De9NkhCKi
Sibyl,Heller,6owtKVMQJryXU6h
Sven,Schultz,XFUocc1vFcyduQY
Noel,VonRueden,_UPfdwcFxw17uhB
Bertrand,Schulist,Cb5EUVWHj0kqJjt
Brandi,DuBuque,2eBrNytn_vwt3SU
Clinton,Nader,64JKQ0GJfea6r4B
Jena,Franecki,vatuq7y5zWiHSBC
Mateo,Towne,tzTMMX54m6QjWLp
Anika,Streich,alMQqmdZhSK_Fnn
Maegan,Lindgren,PMseV6Kb0Y6EGs9
Shaina,O'Connell,qPzy9YeJJW_Yr02
Ashlee,Schuster,DleeVizWy2uNz1W
Francesca,Raynor,Dw21ouuaIkekGZg
Christ,Senger,2lTdUK2LG8lq2Ne
Wava,Davis,0Sgb_uDMSvg74vA
Edmond,Bernhard,X3q0tg8vMA4AS3H
Geovany,Wilkinson,AWlLgPsE1eSYn0v
Yoshiko,Muller,hpuzbpbJciJZR5W
Kasandra,Gibson,nSc78LGESp0OahD
Adeline,Stehr,6fxQjY43EDecDWg
Kris,Okuneva,rFn9s1lNxUKFQkn
Idell,Mueller,2GTLt_d5kYVoogq
Jerel,Powlowski,dXGuDhPP1HDEUUc
Abdul,Effertz,6faHlW31S8ulLBQ
Mercedes,Romaguera,jqey1wElUAAaAA_
Rocky,Wilkinson,18ocIvOQwcTLbLT
Kristopher,Bechtelar,0ueSjJD_QRLWKbl
Suzanne,Boyer,ykdOA6qrFRgwB1k
Wilfred,Wolf,teEnarrE6eXdSXe
Eduardo,Franecki,70xnY0Qh4FnA9PZ
Kris,Ullrich,5R00CFe6TEgpRLM
Gerard,Toy,tYfbnH6DTjZiFx_
Alessandra,Sporer,g41pTjoVLKvSmwg
Jeromy,Carroll,5ihcEZSQ7p_HhDw
Elyse,Osinski,YPlCkDJlt8_2rt4
Brock,Nitzsche,mCFVtk3_SgyYmFJ
Wendy,Heller,Fd0xldSMnjFQGOt
Jazmin,Green,8JIY37XCpZJBuRM
Savannah,Langworth,OlwMWBH4JkFSlgT
Monique,Stark,Eh3S4MmmQFoKMMS
Osbaldo,Mosciski,9WJvayXtfxr7kLD
Edison,Schuster,n1PGGHZTt1PnVLF
Zita,Beer,3EXzaOwTlvDYuQT
Ned,Leffler,dmzugjod2zXnlF0
Keeley,Ryan,XJiRdc4pMxlxF9P
Ahmad,McClure,8vjqKLINiYlEY6n
Myrtie,Murazik,9QzRN5b_FHWDSqO
Henry,Goldner,lWhTlaV8JG_eqZ5
Rick,Kunze,l0oZZhdnLx3_x4K
Isom,Mueller,Y6tH1DoKpAFvxcr
Malika,Schmidt,owYfWtCi2DoHnO4
Gudrun,Bashirian,6POJN1rtLU_fDLX
Mona,Hahn,H3KfxQcBuWEczZT
Osborne,Johns,_OkMKKjtm79AWKH
Wilfrid,Runte,H0MyNf74qtGCyYh
Alysa,Schuppe,wJ0PzCLV9PkKG8J
Perry,Lang,U5M1y7cmXyDOPf4
Ryann,Roberts,dPVzD6T472ZJmaR
Misty,Dibbert,sR8vbSzppkJJHrc
Dimitri,Halvorson,511cRVn2yB5XjDk
Alize,Sporer,5smc2LTM5xxVe7X
Joelle,Stiedemann,mp_dm8PDYdEhtpa
Mafalda,Luettgen,MC_xdk9DxAHAaaX
Michelle,Heller,dgE8WBRE2lEZLR6
Josh,Hartmann,WmuP4XtlSI6QcwE
Ashton,Reichel,bYejVCKyl52G9QK
Nils,Oberbrunner,ZJqacSU13evfkqV
Danial,Weissnat,y8gQTPqfhZCEUgM
Kiara,Kihn,vr_hwLxFV8AnzM1
Estefania,Mayert,dflF_FvHEYCQeYU
Ewald,Gislason,dV7QzNr0x5VTNPm
Keegan,Hyatt,LHRR80niULJfBpc
Darryl,Haley,cxRrmUlb0Auidg8
Josephine,Reichel,Nn_RjDB_bkdFE6H
Casandra,Simonis,NVTQ34uyr9VuMVb
Eddie,O'Kon,4PkZRtD3FjbH5b5
Beryl,McCullough,IuGu_aoeCdvk6vk
Jacquelyn,Considine,AuCix_odW4TyjI8
Verlie,Kohler,9jjKutyH7AU3240
Makenna,Klocko,0aZ9kAnei29_Fta
Madeline,Boehm,JsYzu4pN4xiNSA2
Carmen,Leffler,7IMCQcFu4yJ5RbL
Owen,Beer,6NMT9oYvOnFQlgv
Justen,Will,aIbNprUzhX4DesL
Vernie,Kshlerin,eCgAgMVTpkVOXpb
Lupe,Kuvalis,l3exRTdJba35hRD
Jada,Paucek,cvH1jsoB658elop
Nora,Maggio,8XwBPI5mOrO_jbu
Laverna,Fadel,1jZIqiH2gGW0s0l
Colt,Muller,nn9BVWHObqGYwyh
Alexane,Schaden,Z77MpZdBEaeB9EJ
Jeanie,Waelchi,A0UKEjUK0IrMA1c
Deion,Thompson,rSZcBhVVBI51IoT
Chris,Franey,uTo3B4UmnACZavy
Cynthia,Littel,A3uryZ0LaDaLzXW
Eliane,Kling,DKqyzsXDMnYM5HD
Elva,Bins,Ot9lYFuW_HQDVkQ
Lea,Stokes,3kYvcDZeXUZ61F_
Alisa,Halvorson,ZdfyNTxHm2UxX7l
Buford,Swaniawski,EQlZBazMG09vk29
Sean,Schulist,QEAQVu5B27qRlSq
Gracie,Marquardt,vlHgsedpkXM5yJK
Magnolia,Emmerich,BbaJIw_GfBUgEsa
Armani,Purdy,MFNXSTjHgH6Ftwq
Carter,Haley,jLUCURoVkZWOVq6
Harvey,Champlin,RLyYmlaYeGRLns1
Magali,Pagac,IaH6E1Vb141iP46
Rosendo,Hermann,QEK0kNxVcszoQkL
Tavares,Hintz,D_xfdQ_U81BHlhL
Polly,Mills,g6Zd1QymHZ2HQMa
Johnson,Rodriguez,Z0jro2yuUlhxuJC
Ceasar,Bailey,J3LNDW0QSEJZPOK
Austen,Muller,scqO7ypc_8iLk1r
Dusty,Kertzmann,DPAsDobj7pN1zvs
Oliver,Dickinson,I6QdNf7YFsIpMXN
Abdiel,Mills,8gBtZFN_Y5KeiwA
Trace,Lebsack,MpZXHbeMIRFx5ho
Johnny,Fay,ztQKoA1cDSdnzxO
Dayne,Grant,DuUR2leo9QG0J6X
Reggie,Kohler,4WFPwdfKwv2rxjC
Kathryn,Volkman,RNDETK1ESDmmJAn
Bernadine,Konopelski,TAgxCdRyYluEfM0
Clovis,Botsford,BqxB3MZE6AsYm0A
Agustina,Conroy,fGXGu_E96QX0kXc
Eden,Goodwin,WFe433Z95nDyuHJ
Jamey,Ondricka,Ho50WbnOO1PiOPg
Isobel,Gleichner,lWfHbcdzaIZ82KC
Aric,Hickle,M21hLs03FuCzpjn
Orin,Cruickshank,o6iCVtAOzP_0cPs
Ricky,Schroeder,OjC3w_sq8Pb_vli
Johann,Blick,f1RO53PNRqifrhV
Rico,Hirthe,xp24xy3Fkinl_Xp
Gavin,Gorczany,WfJsTGNkHd5XwKP
Mitchel,Dibbert,y0mduNTMXOpluq8
Dillan,Terry,9vYrkcyrMikt7jw
Gerardo,Gutkowski,fEaJhkkIB02ZDbh
Shirley,Dickinson,GylLBr1WPYhzNgQ
Amanda,Cruickshank,x19HDxQIrPpvKTo
Wilford,Hamill,M7GQoe2ISIICoqq
Pedro,Kulas,g3dH7ebss0YeIOF
Ernestine,Johnson,8xNdIf6n_yCo0Pl
Gabe,Kassulke,34v14dkkj46t8jt
Kitty,Rohan,VSiBqepDd9aXVn9
Amy,Padberg,HXrqWljU8TjAJ1l
Melyssa,Torphy,jHwSZhZaUtO0ZHB
Otha,Hermann,UjJKXzgjUi4WyiV
Bell,Bradtke,x6ZDy1evC800aYF
Billie,Dooley,S9Fvzjj2v98wFjT
Louvenia,Yost,lhVDHZy0ocWlGlD
Veronica,Gulgowski,sFSFwzYMheoHy6i
Haskell,Blanda,WtgarKO4IYBdbEe
Moses,Thiel,bnpnVMUhiMcEXP1
Charley,Bogan,BXISae9N0G5ta6B
Cassandra,O'Keefe,qrLCLbujAtAsX4m
Alberta,Murray,P3Vs2cAANK9uhIQ
Regan,Conroy,sMSs7T5pfT1zTfM
Stella,Murazik,ClKdBHYi5Xe9Rg2
Kenna,Wehner,1lcLx_gS0NQlNoE
Joanny,Beer,tLVGpsvIRtejtEw
Norbert,Schamberger,KcSkwrIQgvmNvjc
Clemens,Windler,A5NwknYzsYz3rJ2
Telly,Yost,Q9RqriPFNAxbLPR
Josefina,Farrell,bHQT13OQMvYapo2
Valentina,Bartoletti,OP7B1OezFaelLhu
Jessika,Luettgen,dM97tPO11mukZP5
Jacky,Ortiz,UE8tmLkH4pjLugh
Santiago,Schumm,c1Q9lds0JENUXlF
Prince,Stroman,NExXCOCI4KCXXOk
Frederick,Deckow,ae4O65CnnnX4yTF
Aubree,Kemmer,asvENKF1X0A5HPS
Scot,Bartell,OCW6Nh79u2KFBuv
Myrtice,Mertz,Xw9v21QoOn0vei7
Edwardo,Jacobi,hedYN1FzCwRMfyh
Zita,Cronin,_wl4zsp6Q7BsW6Q
Troy,Upton,mWbXDg3SFQw5Jzk
Marcelina,Heathcote,ffRtyCBqJiaesyP
Angel,Barton,qdoihhJooyxIvQz
Emelia,Kautzer,U_IM15FfXEqKuNF
Lelia,Murray,iDfDq3TfF9J_4Dz
Lauriane,Effertz,Ttmbg477YDuKg0j
Maida,Hamill,mIBqt9i1ozHLStz
Claudia,Howell,8owuEqQmwr2HLCm
Christ,Kub,uy8YIapRV7B9UKT
Dale,Hartmann,_jVajYuKvlzBzLz
Leonor,Corwin,3f0eJHqx_aF0Vex
Julian,Towne,kkPXYmXMScWa38Y
Shyann,Harber,H3T7MGxg9UxGt7V
Jeanne,Greenfelder,oRNlZW9iqRmQBlW
Bo,Hahn,OMX88DgIUZDSEss
Tessie,Powlowski,naduydlfbI2FASI
Dejon,Pouros,DXfgrYa_Jg4HVHh
Margarett,Kunze,GS_AXzvYMID8OWx
Judge,Hansen,ejlMDcgj5aasdwf
Fabian,Torp,BRd53gUQ7oDDhAq
Chelsie,Spencer,XynGTAYNpOyc8B7
Bette,Franecki,18bHmeXPRmx6Skm
Bo,Zulauf,sdZIgQzYMpEG7gR
Hank,Pacocha,IZuOWLo56oFObSh
Juliet,Lynch,X6IR4Y2HYaZO3CC
Frankie,Herman,IKf56Y6jMQXhoef
Lisandro,Renner,Y_G8KbeR7d3Xany
Felipa,Robel,TERN72KmCLyqEjJ
Courtney,DuBuque,kvTQv5YKZs7fyUh
Hilma,Bahringer,1yUWyoUayoVeLHt
Laurence,Schumm,xN3qwb5W60uZZxy
Liza,Koch,E6gS3abDDrER4Cw
Jamie,O'Keefe,KJxA_88PxU4UM8j
Brook,McKenzie,TcvrdsEWTDViXty
Ernest,Walsh,LO300KkeoPFkHde
Maude,Bechtelar,RC9UdTzllWgeit2
Hayley,Ferry,3Tp8EntqQtuZVqz
Durward,Hayes,PUBxCEO9Ij1ZaYw
Marty,Medhurst,PLcuBS9MQi3bbrz
Furman,Wintheiser,9KdZ3N7nCmeky8Z
Maude,Towne,yfRN6hcT0JqyrQe
Destini,Mitchell,TWZqf2cGlydlLJA
Maye,Runte,BS3i83Znz48pZE0
Avery,Hansen,ccPjAzLTSD3bPjO
Dorcas,Schmidt,lCY_6j10PVkK5mI
Nicole,McGlynn,pxEsvWOrZgXLWWz
Johann,Herzog,WGR7FWAMuz38wHW
Simeon,Heidenreich,wGBo63Yn_VrEBwi
Hulda,Kreiger,2TB13EbY3xIC7c_
Ardella,Kertzmann,qE1F8SmkGAZNEo2
Deborah,Wolf,BtXsYwbFVr2KjUJ
Elissa,Lakin,3OfW2MSq6XpO1Jt
Lessie,Buckridge,ROTYylweBK_h_Wf
Edmond,Champlin,GI9HbuCswUbPFWE
Yasmeen,Hoppe,E4uq6vFpKsublgS
Mercedes,Towne,wFo3e1dWyI6U1AW
Adella,McKenzie,yQ5Ezd0cJKV9U4G
Laurence,Gleichner,t9wOSqUlwvFupA8
Kendall,Williamson,b88fAeAYUZ3RC6X
Verda,Skiles,t_CQRRkTpwKECBx
Alayna,Tromp,qFrmNgmIHwp6H9H
Bailey,Corwin,li5TPObWo8bazQq
Dejon,Okuneva,FQIz_pSjpBoLT7D
Dakota,Daugherty,iTlzFkQ7X9IXGE5
Pinkie,Harris,84AOZ_mEFwT6cej
Libbie,Kulas,mQkYdCdx3JOhtW7
Noah,Mante,uvEoupssq7P8_d3
Hans,Upton,ENg8C6bX9mrS7dm
Reta,Boehm,eSX0G7U5MA3d8v_
Kristina,Schoen,AqZCm3Sj3apDnpU
Gabrielle,Miller,ZY5DbGrc5t8vLUH
Simeon,Stiedemann,lGElQfSQTcjX6VE
Kenyon,Legros,pPphpmIQNvnUp4E
Helen,Stamm,O8IDwiWhtgxbbjQ
Miguel,Altenwerth,jXZ1uQ_nQYitVJh
Kendrick,Maggio,yD74zapI8em4gIt
Ian,Veum,4NPVAnGT6eUgj2l
Shanon,Ruecker,zVTCQGFmNjzhQ53
Eldridge,Zulauf,kxx0tkJ7TXXYLK6
Sally,D'Amore,g_vgwo4JnsGl9RS
Luther,Grady,Be5TZxCVS0lLrch
Jayda,Abbott,EH8BzbnMWHvLft3
Macey,Langworth,f8Q7KA0Wrp4440j
Garrett,Gibson,tIWUYd5Fw2k7nXX
Shad,Hirthe,1DKibM8nbFafbdu
Hulda,Oberbrunner,lAxRdQkl89h8U3y
Jeramy,Stamm,e4oRmDwvaYOsOiz
Bryce,Grant,Qu1YbQMnA05h5Bi
Elvie,Dare,eIiy9tIcRgmes5c
Bailey,Weissnat,auwDANHuFW2V2qn
Heber,Ruecker,e4R1voN8xadJB7a
Trevor,Crona,8ig89mv2SjM4WL5
Alexandra,Marquardt,xA2kJNc__joTP3U
Candido,Koss,aDQZvjRI_dDP4WZ
Reece,O'Conner,_vztytasLJFcTMD
Darlene,Lindgren,nfvkr52UrJ9o1aK
Chelsea,Wisoky,SP8lVcvo0lZnFba
German,Hilpert,Tdk3UsU7qPq7nHs
Nathanial,Smith,ckgMmdl599ga6NA
Isobel,MacGyver,fZiVn6Zq_36HlPa
Kelley,Ziemann,bB5fDjpGKtCMvuU
Geoffrey,Tromp,rWzuIPqRHuj05yA
Stacy,Hudson,LT1FLndZK6GbH1D
Sarina,White,HVnRKmflq0aRvMK
Ernesto,Kemmer,DbGryvtRUcnciP0
Gerardo,Medhurst,CVsqazUXqwoqY3s
Aniya,Runolfsdottir,uvrZFovq6AclQfi
Oliver,Prosacco,DJ_BQhHyp40XIv5
Alessandro,Wilderman,w1CoPrY3owdkMsV
Ross,Torp,jxwQBWfh3MiMNan
Aleen,Ferry,bPGodU8vrpIwD2X
Walter,Bogan,IW8J5ZrhnuNjAVq
Wayne,Buckridge,9k6oM2BgET1V_l1
Alexys,Mante,baIEwQWJ1FJ5sX5
Mollie,Berge,u7Wof_xZhQ7YA3j
Lavina,Ratke,16nLVzeAqE2hDY1
Damian,Bergnaum,qJZQkJbdofDyCci
Cristal,Tillman,GDLL215aUEo8MrV
Sydni,Beer,AobwtceDWqkGJWU
Estelle,Schmeler,S9Ae6Xhx0atFDWf
Kelsie,Marks,7hi91x9rOPEwfr7
Thaddeus,Walker,zbntB3lRd8zLHvu
Tina,Schneider,QoVo5pbZ81_zJF1
Adalberto,Shanahan,0rPvZbjuZRUcwGM
Giovani,Kozey,A4dWdAPJ2rOFYZf
Santiago,Hoeger,N7vgZycynnIQJoI
Joe,Koch,vjwI8N2_52Dysz7
Ruth,White,6NYpBzzX7_O7R3j
Dell,Cartwright,93Pz60Lwg5cUsF8
Elinor,Anderson,XPd6KSszXqIijez
Alaina,Friesen,XbuzUUS7ERQKPSk
Janessa,Jones,H14XO4bAgbaeWig
Evalyn,Cartwright,F9UZmjgKmbqdfXq
Blaze,D'Amore,xEqHLv2kk6AVX5O
Casimer,Huel,eyVG_vHJ8yfkh6Q
Makayla,Littel,oQXutDxxAEsx7K5
Donna,Pfeffer,p6WFmPUVVF__3tD
Hans,Schaden,erlErve91qhdXWl
Bennie,Zieme,y9ir65hCidQGOKU
Khalid,Wunsch,DjHG46EvB9KXojY
Murl,Lynch,z3tf91RaNwLncm8
Janessa,Ullrich,QxE78HVQs9If0bj
Troy,Donnelly,ennn_6RnH_Pupd_
Melany,Nolan,qXB8dN7suFXhItX
Fritz,Bosco,3xYCMaM04mkI_0Y
Kenya,Wehner,Z8RKQVey8gMB4oT
Isabel,Emmerich,SX9VOSjuPpBoYY2
Edgar,Farrell,VpNkPj4kwb4u29o
Seamus,Hermann,s7cPOzQno4f25bY
Noah,Dooley,uqLbvmzBLanHoj_
Lloyd,Vandervort,XQUOnRIf9r8LXsg
Isom,Fahey,N2KPN7HcEdx3pb8
Marquis,Schaefer,1SV7Fpr4sY4blEC
Melany,Tromp,yhB4XpGgsa1rKLG
Julien,Dickinson,t8Ztn_JJqhvBtAi
Skylar,Morar,69hziiFz4X52uKh
Bobby,Howe,c4SNuK70hBfgFXt
Vivienne,Weissnat,Gsvgn16OOGQU7r8
Maci,Braun,JkItV0qBooXPRVo
Ebony,Reichel,E4LwFkjrgCgXx_z
Harold,Kub,YtHMsXXo9SLLE3B
Cheyenne,Howell,6fOdSJoCo6ipiqB
Asia,Tillman,muT1UL16G4dGmi7
Sarah,Wilderman,3ySWbRWxhr6PvwM
Evangeline,Haley,zxn7v94lBGdLgYM
Camryn,Kling,nnbJpBFSwfmwX4b
Elissa,Weimann,BufibQX47jnU1yy
Aylin,Wilkinson,ROHk_ub6NkrQfQH
